,device_id,dataprofile_id,cloud_received_time,sample_time,year,year_month,year_month_day,influx_migration_source_filename,T1_remote_K,T2_embeded_K,RelFlow_Fb_Rel2Vmax,RelPower_Fb_Rel2Pmax,AbsFlow_Fb_m3s,AbsPower_Fb_W,Heating_E_J,Glycol_Concentration_Rel,ControlMode_Write,Cooling_E_J,RelPos_Fb,DeltaT_Limitation_Write,SpDeltaT_K_Write,Pmax_Rel_Write,Vmax_Rel_Write,InstallationPosition_Write,Override_Write,DN_Size,SpFlow_DeltaT_lmin_Write,DDC_Sp_Rel,SpDeltaT_applied_K,Error_Status_Cloud,DDC_BUS_Sp_Write,dT_Manager_Ste,Active_dT_Manager_total_h,DeltaT_K,DDC_Sp_V,OperatingHours,Flow_Volume_total_m3,Y3AnalogInputValue
0,14e5bc06-9e32-4938-96df-82a070581e7d,energyvalve3/1.11,2019-06-09 11:40:34.098,2019-06-09 11:38:32.312000,2019,201906,20190609,2019-06-09_09.gz,349.9248691099477,323.42526041666656,94.32536203404179,3101.045820664627,0.0028297608610212536,310104.5820664627,0.0,0.0,1,1035416377217.5392,92.03,2,10.0,0.5882352941176471,37.5,2,1,65,0.002833333333333334,91.9000015258789,10.0,0.0,91.9000015258789,2,0.0,26.499608693281118,5e-324,2278.438304487916,9454.135185761725,
1,14e5bc06-9e32-4938-96df-82a070581e7d,energyvalve3/1.11,2019-06-19 01:18:23.274,2019-06-19 01:17:21.806000,2019,201906,20190618,2019-06-18_23.gz,349.9458115183246,323.4408854166666,0.0,0.0,0.0,0.0,0.0,0.0,1,1151465872059.327,19.78,2,5.0,0.5294117647058824,50.0,2,1,65,0.003833333333333333,19.700000762939453,5.0,0.0,19.700000762939453,2,0.0,26.504926101657986,5e-324,2508.085699814313,10513.017982790949,
2,15cbf304-2834-4523-81d1-45c0bbc0f849,energyvalve3/1.11,2019-06-17 05:36:49.933,2019-06-17 05:33:48.073000,2019,201906,20190617,2019-06-17_03.gz,351.1814136125655,324.4877604166666,100.6137195029779,4934.568909441828,0.004024548780119116,444111.2018497645,0.0,0.0,1,3971630523522.777,31.22,2,5.0,0.5294117647058824,50.0,2,1,65,0.003833333333333333,31.399999618530273,5.0,0.0,31.399999618530273,2,0.0,26.69365319589889,0.00013615689754586485,2484.7141931213832,35993.26201291546,
3,15cbf304-2834-4523-81d1-45c0bbc0f849,energyvalve3/1.11,2019-06-17 10:18:08.063,2019-06-17 10:14:02.385000,2019,201906,20190617,2019-06-17_08.gz,351.1814136125655,324.5033854166666,100.6137195029779,4931.649278666167,0.004024548780119116,443848.4350799551,0.0,0.0,1,3979098402736.503,90.06,2,5.0,0.5294117647058824,50.0,2,1,65,0.003833333333333333,90.0,5.0,0.0,90.0,2,0.0,26.67802819589889,6.197483919487223e-05,2489.3848328313834,36060.93199453972,
4,14e5bc06-9e32-4938-96df-82a070581e7d,energyvalve3/1.11,2019-06-08 04:22:01.103,2019-06-08 04:19:29.379000,2019,201906,20190608,2019-06-08_02.gz,349.93534031413617,323.42786458333325,0.0,0.0,0.0,0.0,0.0,0.0,1,1020930555792.837,25.41,2,5.0,0.5294117647058824,50.0,2,1,65,0.003833333333333333,25.5,5.0,0.0,25.5,2,0.0,26.507475730802923,5e-324,2247.1208650354656,9321.962748965392,
5,14e5bc06-9e32-4938-96df-82a070581e7d,energyvalve3/1.11,2019-06-08 10:53:47.489,2019-06-08 10:49:45.524000,2019,201906,20190608,2019-06-08_08.gz,349.9458115183246,323.4565104166666,0.0,0.0,0.0,0.0,0.0,0.0,1,1024010024662.1632,24.18,2,5.0,0.5294117647058824,50.0,2,1,65,0.003833333333333333,24.100000381469727,5.0,0.0,24.100000381469727,2,0.0,26.489301101657986,5e-324,2253.62534114825,9350.065913920847,
6,14e5bc06-9e32-4938-96df-82a070581e7d,energyvalve3/1.11,2019-06-27 16:35:49.321,2019-06-27 16:32:26.767000,2019,201906,20190627,2019-06-27_14.gz,349.953664921466,323.4877604166666,0.0,0.0,0.0,0.0,0.0,0.0,1,1246239126496.8582,9.62,2,5.0,0.5294117647058824,50.0,2,1,65,0.003833333333333333,9.5,5.0,0.0,9.5,2,0.0,26.46590450479937,5e-324,2715.3373247682484,11378.038000275046,
7,14e5bc06-9e32-4938-96df-82a070581e7d,energyvalve3/1.11,2019-06-28 03:46:34.775,2019-06-28 03:42:25.390000,2019,201906,20190628,2019-06-28_01.gz,349.96151832460737,323.4669270833333,0.0,0.0,0.0,0.0,0.0,0.0,1,1251190665332.5696,7.690000000000001,2,5.0,0.5294117647058824,50.0,2,1,65,0.003833333333333333,7.900000095367432,5.0,4.0,7.900000095367432,2,0.0,26.494591241274065,5e-324,2726.503612513773,11423.259297566427,
8,14e5bc06-9e32-4938-96df-82a070581e7d,energyvalve3/1.11,2019-06-22 22:53:57.217,2019-06-22 22:50:55.169000,2019,201906,20190622,2019-06-22_20.gz,349.93534031413617,323.4356770833333,6.288357468936113,206.73608166099623,0.00018865072406808338,20673.608166099624,0.0,0.0,1,1193925169170.313,33.52,2,10.0,0.5882352941176471,37.5,2,1,65,0.002833333333333334,33.5,10.0,0.0,33.5,2,0.0,26.499663230802867,5e-324,2601.645108987264,10900.57560325493,
9,15cbf304-2834-4523-81d1-45c0bbc0f849,energyvalve3/1.11,2019-06-18 15:10:53.847,2019-06-18 15:06:21.799000,2019,201906,20190618,2019-06-18_13.gz,351.2128272251309,324.5346354166666,134.15162600397053,4438.464035236365,0.004024548780119116,443846.4035236365,0.0,0.0,1,4025243913571.697,91.85,2,10.0,0.5882352941176471,37.5,2,1,65,0.002833333333333334,82.0999984741211,10.0,0.0,82.0999984741211,2,0.0,26.678191808464305,8.184904914304889e-05,2518.257048033861,36479.243997394464,
10,15cbf304-2834-4523-81d1-45c0bbc0f849,energyvalve3/1.11,2019-06-18 16:41:19.150,2019-06-18 16:40:46.919000,2019,201906,20190618,2019-06-18_14.gz,351.18926701570683,324.50078124999993,134.15162600397053,4440.231045675021,0.004024548780119116,444023.1045675021,0.0,0.0,1,4027759554844.595,75.41,2,10.0,0.5882352941176471,37.5,2,1,65,0.002833333333333334,75.5,10.0,0.0,75.5,2,0.0,26.6884857657069,4.588229723378398e-21,2519.8307035854004,36502.04380192007,
11,15cbf304-2834-4523-81d1-45c0bbc0f849,energyvalve3/1.11,2019-06-22 06:34:26.380,2019-06-22 06:29:54.216000,2019,201906,20190622,2019-06-22_04.gz,351.19712041884816,324.4981770833333,134.15162600397053,4441.977745839005,0.004024548780119116,444197.7745839006,0.0,0.0,1,4164920202032.8213,34.12,2,10.0,0.5882352941176471,37.5,2,1,65,0.002833333333333334,34.0,10.0,0.0,34.0,2,0.0,26.698943335514855,0.00025133025202265976,2605.6494541944967,37745.42637248394,
12,14e5bc06-9e32-4938-96df-82a070581e7d,energyvalve3/1.11,2019-06-23 10:01:58.943,2019-06-23 09:57:26.626000,2019,201906,20190623,2019-06-23_07.gz,349.953664921466,323.4408854166666,25.939474559361486,1264.011243796265,0.0010375789823744595,113761.01194166385,0.0,0.0,1,1199000133621.6978,52.46999999999999,2,5.0,0.5294117647058824,50.0,2,1,65,0.003833333333333333,52.599998474121094,5.0,0.0,52.599998474121094,2,0.0,26.51277950479937,5e-324,2612.753855066167,10946.876832199372,
13,14e5bc06-9e32-4938-96df-82a070581e7d,energyvalve3/1.11,2019-06-23 16:18:42.071,2019-06-23 16:15:40.012000,2019,201906,20190623,2019-06-23_14.gz,349.9405759162304,323.4486979166666,71.13704386733984,3463.7087418343012,0.002845481754693594,311733.7867650871,0.0,0.0,1,1201962511667.775,92.72,2,5.0,0.5294117647058824,50.0,2,1,65,0.003833333333333333,92.5999984741211,5.0,0.0,92.5999984741211,2,0.0,26.49187799956377,5e-324,2619.0575611590634,10973.905080555314,
14,15cbf304-2834-4523-81d1-45c0bbc0f849,energyvalve3/1.11,2019-06-09 15:32:20.355,2019-06-09 15:28:48.344000,2019,201906,20190609,2019-06-09_13.gz,351.1840314136126,324.4903645833333,100.6137195029779,4934.567027291815,0.004024548780119116,444111.0324562634,0.0,0.0,1,3680547457150.724,83.29,2,5.0,0.5294117647058824,50.0,2,1,65,0.003833333333333333,83.5,5.0,0.0,83.5,2,0.0,26.693666830279312,9.801970947409861e-05,2302.6308218614536,33355.165380193735,
15,15cbf304-2834-4523-81d1-45c0bbc0f849,energyvalve3/1.11,2019-06-21 08:33:30.706,2019-06-21 08:30:58.889999,2019,201906,20190621,2019-06-21_06.gz,351.21020942408376,324.50859374999993,134.15162600397053,4442.407216252769,0.004024548780119116,444240.72162527696,0.0,0.0,1,4129788009708.9297,62.85000000000001,2,10.0,0.5882352941176471,37.5,2,1,65,0.002833333333333334,63.0,10.0,0.0,63.0,2,0.0,26.701615674083826,0.00029552083578104535,2583.6674086961507,37426.94014805461,
16,15cbf304-2834-4523-81d1-45c0bbc0f849,energyvalve3/1.11,2019-06-21 12:14:36.222,2019-06-21 12:11:58.284000,2019,201906,20190621,2019-06-21_10.gz,351.20497382198954,324.5138020833333,100.6137195029779,4934.065361796312,0.004024548780119116,444065.8825616681,0.0,0.0,1,4135674694330.565,20.44,2,5.0,0.5294117647058824,50.0,2,1,65,0.003833333333333333,20.200000762939453,5.0,0.0,20.200000762939453,2,0.0,26.691171738656237,2.711741498446612e-06,2587.3505895198314,37480.30373853431,
17,15cbf304-2834-4523-81d1-45c0bbc0f849,energyvalve3/1.11,2019-06-21 21:21:57.436,2019-06-21 21:20:25.961000,2019,201906,20190621,2019-06-21_19.gz,351.19450261780105,324.49296875,100.6137195029779,4936.0193202166365,0.004024548780119116,444241.7388194973,0.0,0.0,1,4150283014266.2427,77.35,2,5.0,0.5294117647058824,50.0,2,1,65,0.003833333333333333,77.5,5.0,0.0,77.5,2,0.0,26.70153386780106,2.2035625357335356e-11,2596.491609496199,37612.743104558496,
18,15cbf304-2834-4523-81d1-45c0bbc0f849,energyvalve3/1.11,2019-06-07 13:28:45.060,2019-06-07 13:27:41.883000,2019,201906,20190607,2019-06-07_11.gz,351.1866492146597,324.5138020833333,134.15162600397053,4437.605083443706,0.004024548780119116,443760.5083443706,0.0,0.0,1,3600584095065.8555,97.38,2,10.0,0.5882352941176471,37.5,2,1,65,0.002833333333333334,97.5,10.0,0.0,97.5,2,0.0,26.67284713132642,9.495732503038643e-09,2252.6123299098867,32630.474535183537,
19,15cbf304-2834-4523-81d1-45c0bbc0f849,energyvalve3/1.11,2019-06-07 15:29:16.228,2019-06-07 15:25:14.269000,2019,201906,20190607,2019-06-07_13.gz,351.19188481675394,324.4903645833333,100.6137195029779,4936.021203566797,0.004024548780119116,444241.90832101175,0.0,0.0,1,3603715263517.68,11.19,2,5.0,0.5294117647058824,50.0,2,1,65,0.003833333333333333,11.0,5.0,0.0,11.0,2,0.0,26.701520233420638,0.00024398624451407283,2254.571331854623,32658.85800743071,
20,15cbf304-2834-4523-81d1-45c0bbc0f849,energyvalve3/1.11,2019-06-07 23:11:24.033,2019-06-07 23:11:22.428000,2019,201906,20190607,2019-06-07_21.gz,351.18926701570683,324.5111979166666,100.6137195029779,4931.643636774881,0.004024548780119116,443847.9273097393,0.0,0.0,1,3616134190019.476,19.48,2,5.0,0.5294117647058824,50.0,2,1,65,0.003833333333333333,19.399999618530273,5.0,0.0,19.399999618530273,2,0.0,26.678069099040215,0.00010323643489881466,2262.340261578014,32771.42035954255,
21,15cbf304-2834-4523-81d1-45c0bbc0f849,energyvalve3/1.11,2019-06-13 07:06:24.642,2019-06-13 07:01:42.987000,2019,201906,20190613,2019-06-13_05.gz,351.18926701570683,324.49296875,134.15162600397053,4441.544882920635,0.004024548780119116,444154.4882920635,0.0,0.0,1,3820529157200.829,7.180000000000001,2,10.0,0.5882352941176471,37.5,2,1,65,0.002833333333333334,7.300000190734863,10.0,0.0,7.300000190734863,2,0.0,26.696298265706844,1.4931435032047778e-15,2390.1794128166175,34623.6023137646,
22,15cbf304-2834-4523-81d1-45c0bbc0f849,energyvalve3/1.11,2019-06-13 09:16:58.763,2019-06-13 09:16:48.519000,2019,201906,20190613,2019-06-13_07.gz,351.19712041884816,324.4955729166666,134.15162600397053,4442.415693091669,0.004024548780119116,444241.56930916687,0.0,0.0,1,3824129330370.2456,10.77,2,10.0,0.5882352941176471,37.5,2,1,65,0.002833333333333334,10.800000190734863,10.0,0.0,10.800000190734863,2,0.0,26.70154750218154,9.87466394810434e-06,2392.4309458662747,34656.223370858286,
23,15cbf304-2834-4523-81d1-45c0bbc0f849,energyvalve3/1.11,2019-06-13 11:07:22.739,2019-06-13 11:05:18.090000,2019,201906,20190613,2019-06-13_09.gz,351.20235602094243,324.5138020833333,134.15162600397053,4440.222576222675,0.004024548780119116,444022.2576222675,0.0,0.0,1,3827019974881.8164,67.4,2,10.0,0.5882352941176471,37.5,2,1,65,0.002833333333333334,67.5999984741211,10.0,0.0,67.5999984741211,2,0.0,26.68855393760913,1.1937729470176652e-11,2394.2391794726555,34682.42178410839,
24,15cbf304-2834-4523-81d1-45c0bbc0f849,energyvalve3/1.11,2019-06-13 15:23:28.792,2019-06-13 15:19:26.385000,2019,201906,20190613,2019-06-13_13.gz,351.19712041884816,324.5111979166666,134.15162600397053,4439.788020735287,0.004024548780119116,443978.80207352876,0.0,0.0,1,3833790150950.189,10.64,2,10.0,0.5882352941176471,37.5,2,1,65,0.002833333333333334,10.5,10.0,0.0,10.5,2,0.0,26.68592250218154,1.0419156183856407e-07,2398.474813072649,34743.789293439695,
25,15cbf304-2834-4523-81d1-45c0bbc0f849,energyvalve3/1.11,2019-06-28 19:37:55.849,2019-06-28 19:36:24.006000,2019,201906,20190628,2019-06-28_17.gz,351.1840314136126,324.48515625,134.15162600397053,4441.986219261434,0.004024548780119116,444198.6219261434,0.0,0.0,1,4416062485763.249,72.24,2,10.0,0.5882352941176471,37.5,2,1,65,0.002833333333333334,72.30000305175781,10.0,0.0,72.30000305175781,2,0.0,26.698875163612627,0.0006645503866504355,2762.7579698930217,40021.68867046664,
26,15cbf304-2834-4523-81d1-45c0bbc0f849,energyvalve3/1.11,2019-06-28 19:47:58.168,2019-06-28 19:43:25.926000,2019,201906,20190628,2019-06-28_17.gz,351.18926701570683,324.4955729166666,134.15162600397053,4441.106936428172,0.004024548780119116,444110.6936428172,0.0,0.0,1,4416249865759.605,32.73,2,10.0,0.5882352941176471,37.5,2,1,65,0.002833333333333334,19.700000762939453,10.0,0.0,19.700000762939453,2,0.0,26.693694099040215,6.383421189396839e-06,2762.8751748927048,40023.38679307372,
27,15cbf304-2834-4523-81d1-45c0bbc0f849,energyvalve3/1.11,2019-06-28 21:58:33.560,2019-06-28 21:54:01.335000,2019,201906,20190628,2019-06-28_19.gz,351.20759162303665,324.5059895833333,134.15162600397053,4442.4089117968415,0.004024548780119116,444240.89117968414,0.0,0.0,1,4419729610467.007,40.88,2,10.0,0.5882352941176471,37.5,2,1,65,0.002833333333333334,40.70000076293945,10.0,0.0,40.70000076293945,2,0.0,26.701602039703346,2.195290018743527e-06,2765.05165155369,40054.920730941376,
28,15cbf304-2834-4523-81d1-45c0bbc0f849,energyvalve3/1.11,2019-06-29 06:05:44.956,2019-06-29 06:01:12.682000,2019,201906,20190629,2019-06-29_04.gz,351.19188481675394,324.5059895833333,100.6137195029779,4933.101564380903,0.004024548780119116,443979.1407942813,0.0,0.0,1,4432711097693.488,75.28,2,5.0,0.5294117647058824,50.0,2,1,65,0.003833333333333333,75.5,5.0,0.0,75.5,2,0.0,26.685895233420638,3.2360326536980426e-07,2773.1714956990986,40172.56444315977,
29,15cbf304-2834-4523-81d1-45c0bbc0f849,energyvalve3/1.11,2019-06-30 13:04:03.316,2019-06-30 13:00:00.951000,2019,201906,20190630,2019-06-30_11.gz,351.18926701570683,324.4799479166667,134.15162600397053,4443.734626539679,0.004024548780119116,444373.4626539679,0.0,0.0,1,4482244231577.222,32.04,2,10.0,0.5882352941176471,37.5,2,1,65,0.002833333333333334,40.0,10.0,0.0,40.0,2,0.0,26.709319099040158,4.140794413450239e-06,2804.1515703403675,40621.418361091935,
30,15cbf304-2834-4523-81d1-45c0bbc0f849,energyvalve3/1.11,2019-06-27 05:51:40.885,2019-06-27 05:50:09.227000,2019,201906,20190627,2019-06-27_03.gz,351.18926701570683,324.4981770833333,100.6137195029779,4934.076656310677,0.004024548780119116,444066.89906796097,0.0,0.0,1,4355678516590.045,65.19,2,5.0,0.5294117647058824,50.0,2,1,65,0.003833333333333333,59.70000076293945,5.0,0.0,59.70000076293945,2,0.0,26.69108993237353,0.0002087264501117753,2724.9870849930035,39474.438823722194,
31,15cbf304-2834-4523-81d1-45c0bbc0f849,energyvalve3/1.11,2019-06-08 06:48:29.705,2019-06-08 06:43:56.475000,2019,201906,20190608,2019-06-08_04.gz,351.1840314136126,324.4955729166666,134.15162600397053,4440.2344328392055,0.004024548780119116,444023.4432839206,0.0,0.0,1,3628191724328.5996,96.69,2,10.0,0.5882352941176471,37.5,2,1,65,0.002833333333333334,96.5999984741211,10.0,0.0,96.5999984741211,2,0.0,26.688458496945998,2.373902565222893e-09,2269.8830182458514,32880.702487031806,
32,15cbf304-2834-4523-81d1-45c0bbc0f849,energyvalve3/1.11,2019-06-08 07:18:37.133,2019-06-08 07:16:35.536000,2019,201906,20190608,2019-06-08_05.gz,351.1840314136126,324.4981770833333,134.15162600397053,4439.7964880933905,0.004024548780119116,443979.64880933904,0.0,0.0,1,3629061642211.2266,96.69,2,10.0,0.5882352941176471,37.5,2,1,65,0.002833333333333334,98.9000015258789,10.0,0.0,98.9000015258789,2,0.0,26.685854330279312,4.468918070753532e-14,2270.4271460237187,32888.58623197429,
33,15cbf304-2834-4523-81d1-45c0bbc0f849,energyvalve3/1.11,2019-06-08 07:33:41.397,2019-06-08 07:31:39.761999,2019,201906,20190608,2019-06-08_05.gz,351.19712041884816,324.5033854166666,134.15162600397053,4441.101853565438,0.004024548780119116,444110.1853565438,0.0,0.0,1,3629463332220.875,13.26,2,10.0,0.5882352941176471,37.5,2,1,65,0.002833333333333334,13.100000381469727,10.0,0.0,13.100000381469727,2,0.0,26.69373500218154,1.0851774230781694e-06,2270.678417968198,32892.22673415917,
34,15cbf304-2834-4523-81d1-45c0bbc0f849,energyvalve3/1.11,2019-06-08 11:04:38.213,2019-06-08 11:01:35.968000,2019,201906,20190608,2019-06-08_09.gz,351.20497382198954,324.5033854166666,134.15162600397053,4442.410607252781,0.004024548780119116,444241.0607252781,0.0,0.0,1,3635056898595.8984,45.03,2,10.0,0.5882352941176471,37.5,2,1,65,0.002833333333333334,45.20000076293945,10.0,0.0,45.20000076293945,2,0.0,26.701588405322923,6.814763320556245e-09,2274.1773471353767,32942.92058639492,
35,15cbf304-2834-4523-81d1-45c0bbc0f849,energyvalve3/1.11,2019-06-08 15:00:43.107,2019-06-08 15:00:41.231000,2019,201906,20190608,2019-06-08_13.gz,351.18926701570683,324.5033854166666,134.15162600397053,4439.793101414443,0.004024548780119116,443979.3101414443,0.0,0.0,1,3641426276375.557,83.15,2,10.0,0.5882352941176471,37.5,2,1,65,0.002833333333333334,83.19999694824219,10.0,0.0,83.19999694824219,2,0.0,26.685881599040215,1.0850873343942562e-08,2278.1621549137276,33000.65398244991,
36,15cbf304-2834-4523-81d1-45c0bbc0f849,energyvalve3/1.11,2019-06-08 15:15:46.965,2019-06-08 15:15:45.241999,2019,201906,20190608,2019-06-08_13.gz,351.19450261780105,324.50859374999993,134.15162600397053,4439.7897143831,0.004024548780119116,443978.97143831,0.0,0.0,1,3641827644797.5376,28.73,2,10.0,0.5882352941176471,37.5,2,1,65,0.002833333333333334,28.600000381469727,10.0,0.0,28.600000381469727,2,0.0,26.685908867801118,2.8788782561025705e-08,2278.4132535248614,33004.292015621264,
37,15cbf304-2834-4523-81d1-45c0bbc0f849,energyvalve3/1.11,2019-06-20 15:28:53.910,2019-06-20 15:27:52.436000,2019,201906,20190620,2019-06-20_13.gz,351.17879581151834,324.48515625,134.15162600397053,4441.113712344481,0.004024548780119116,444111.37123444816,0.0,0.0,1,4102536469750.7607,81.49,2,10.0,0.5882352941176471,37.5,2,1,65,0.002833333333333334,81.30000305175781,10.0,0.0,81.30000305175781,2,0.0,26.693639561518353,9.919860335510223e-07,2566.6156301296555,37179.88681363038,
38,15cbf304-2834-4523-81d1-45c0bbc0f849,energyvalve3/1.11,2019-06-25 18:52:09.917,2019-06-25 18:47:37.517000,2019,201906,20190625,2019-06-25_16.gz,351.19188481675394,324.5033854166666,100.6137195029779,4933.58816884528,0.004024548780119116,444022.9351960752,0.0,0.0,1,4299666625374.8535,84.39,2,5.0,0.5294117647058824,50.0,2,1,65,0.003833333333333333,84.0999984741211,5.0,0.0,84.0999984741211,2,0.0,26.688499400087323,0.001034570714046939,2689.944945084258,38966.73271404634,
39,15cbf304-2834-4523-81d1-45c0bbc0f849,energyvalve3/1.11,2019-06-26 01:39:00.675,2019-06-26 01:35:28.624000,2019,201906,20190625,2019-06-25_23.gz,351.19450261780105,324.5111979166666,134.15162600397053,4439.351771351954,0.004024548780119116,443935.17713519547,0.0,0.0,1,4310530177649.5815,34.53,2,10.0,0.5882352941176471,37.5,2,1,65,0.002833333333333334,27.600000381469727,10.0,0.0,27.600000381469727,2,0.0,26.683304701134432,1.4230795584919594e-25,2696.7424761775105,39065.218054394565,
40,15cbf304-2834-4523-81d1-45c0bbc0f849,energyvalve3/1.11,2019-06-26 06:55:25.329,2019-06-26 06:54:54.252000,2019,201906,20190626,2019-06-26_04.gz,351.1997382198953,324.5059895833333,134.15162600397053,4441.100159101613,0.004024548780119116,444110.01591016125,0.0,0.0,1,4319039812820.5093,78.45,2,10.0,0.5882352941176471,37.5,2,1,65,0.002833333333333334,78.5999984741211,10.0,0.0,78.5999984741211,2,0.0,26.69374863656202,5.315214002417191e-07,2702.06626421923,39142.35110882279,
41,14e5bc06-9e32-4938-96df-82a070581e7d,energyvalve3/1.11,2019-06-25 22:18:24.267,2019-06-25 22:16:53.133000,2019,201906,20190625,2019-06-25_20.gz,349.9562827225131,323.4513020833333,15.327871330531789,746.6930316728601,0.0006131148532212716,67202.37285055741,0.0,0.0,1,1226707922673.5964,38.6,2,5.0,0.5294117647058824,50.0,2,1,65,0.003833333333333333,38.5,5.0,0.0,19.0,2,0.0,26.50498063917979,3.82118512345347e-286,2673.077995446664,11199.720527552066,
42,14e5bc06-9e32-4938-96df-82a070581e7d,energyvalve3/1.11,2019-06-25 23:38:46.732,2019-06-25 23:36:15.072000,2019,201906,20190625,2019-06-25_21.gz,349.9510471204189,323.4565104166666,25.939474559361486,1263.1334154798146,0.0010375789823744595,113682.00739318332,0.0,0.0,1,1227233502290.199,52.61,2,5.0,0.5294117647058824,50.0,2,1,65,0.003833333333333333,52.599998474121094,5.0,0.0,52.599998474121094,2,0.0,26.49453670375226,5e-324,2674.400741831738,11204.517882626213,
43,14e5bc06-9e32-4938-96df-82a070581e7d,energyvalve3/1.11,2019-06-30 04:29:38.357,2019-06-30 04:27:05.929000,2019,201906,20190630,2019-06-30_02.gz,349.9667539267016,323.4669270833333,35.63402565730466,1171.4992519391549,0.00106902076971914,117149.92519391548,0.0,0.0,1,1273690807557.8506,49.31,2,10.0,0.5882352941176471,37.5,2,1,65,0.002833333333333334,49.20000076293945,10.0,0.0,49.20000076293945,2,0.0,26.499826843368282,5e-324,2775.24823681821,11628.722853035766,
44,14e5bc06-9e32-4938-96df-82a070581e7d,energyvalve3/1.11,2019-06-30 08:35:45.295,2019-06-30 08:33:12.633000,2019,201906,20190630,2019-06-30_06.gz,349.953664921466,323.46171874999993,0.0,0.0,0.0,0.0,0.0,0.0,1,1275502541369.871,23.49,2,10.0,0.5882352941176471,37.5,2,1,65,0.002833333333333334,23.600000381469727,10.0,0.0,23.600000381469727,2,0.0,26.491946171466054,5e-324,2779.350101806315,11645.262099180696,
45,14e5bc06-9e32-4938-96df-82a070581e7d,energyvalve3/1.11,2019-06-21 15:50:27.985,2019-06-21 15:49:56.758000,2019,201906,20190621,2019-06-21_13.gz,349.9562827225131,323.4799479166666,62.49055234755267,3040.885102260894,0.002499622093902107,273679.65920348046,0.0,0.0,1,1179910132992.7087,85.3,2,5.0,0.5294117647058824,50.0,2,1,65,0.003833333333333333,85.5,5.0,0.0,85.5,2,0.0,26.476334805846477,5e-324,2570.6288085217116,10772.642561455934,
46,15cbf304-2834-4523-81d1-45c0bbc0f849,energyvalve3/1.11,2019-06-22 15:31:52.362,2019-06-22 15:30:20.733000,2019,201906,20190622,2019-06-22_13.gz,351.1840314136126,324.4981770833333,134.15162600397053,4439.7964880933905,0.004024548780119116,443979.64880933904,0.0,0.0,1,4179315131308.1396,8.01,2,10.0,0.5882352941176471,37.5,2,1,65,0.002833333333333334,8.100000381469727,10.0,0.0,8.100000381469727,2,0.0,26.685854330279312,3.063737580519698e-21,2614.6568300042677,37875.9292568445,
47,15cbf304-2834-4523-81d1-45c0bbc0f849,energyvalve3/1.11,2019-06-16 11:52:02.388,2019-06-16 11:48:30.115000,2019,201906,20190616,2019-06-16_09.gz,351.17879581151834,324.4981770833333,134.15162600397053,4438.923986189782,0.004024548780119116,443892.3986189783,0.0,0.0,1,3943252187659.222,35.36,2,10.0,0.5882352941176471,37.5,2,1,65,0.002833333333333334,35.20000076293945,10.0,0.0,35.20000076293945,2,0.0,26.68061872818504,2.0562014967309468e-25,2466.9591895568456,35736.020686647804,
48,15cbf304-2834-4523-81d1-45c0bbc0f849,energyvalve3/1.11,2019-06-16 13:27:28.401,2019-06-16 13:26:56.833000,2019,201906,20190616,2019-06-16_11.gz,351.1840314136126,324.5033854166666,134.15162600397053,4438.920600833851,0.004024548780119116,443892.06008338503,0.0,0.0,1,3945874555466.6626,39.09,2,10.0,0.5882352941176471,37.5,2,1,65,0.002833333333333334,39.20000076293945,10.0,0.0,39.20000076293945,2,0.0,26.680645996945998,1.7873596919767657e-19,2468.599954830321,35759.79272233138,
49,15cbf304-2834-4523-81d1-45c0bbc0f849,energyvalve3/1.11,2019-06-23 22:30:12.465,2019-06-23 22:27:40.652000,2019,201906,20190623,2019-06-23_20.gz,351.1866492146597,324.5033854166666,100.6137195029779,4932.618723376458,0.004024548780119116,443935.68510388123,0.0,0.0,1,4228798886810.807,35.22,2,5.0,0.5294117647058824,50.0,2,1,65,0.003833333333333333,35.099998474121094,5.0,0.0,35.099998474121094,2,0.0,26.683263797993106,1.152535825002076e-16,2645.6124088116158,38324.42580671005,
50,15cbf304-2834-4523-81d1-45c0bbc0f849,energyvalve3/1.11,2019-06-24 01:36:02.382,2019-06-24 01:35:01.232000,2019,201906,20190623,2019-06-23_23.gz,351.19188481675394,324.50859374999993,134.15162600397053,4439.353464668993,0.004024548780119116,443935.34646689927,0.0,0.0,1,4233791062797.2056,88.4,2,10.0,0.5882352941176471,37.5,2,1,65,0.002833333333333334,88.5999984741211,10.0,0.0,88.5999984741211,2,0.0,26.68329106675401,0.0008669851579778588,2648.7347776923716,38369.663891835204,
51,15cbf304-2834-4523-81d1-45c0bbc0f849,energyvalve3/1.11,2019-06-24 01:41:03.990,2019-06-24 01:37:31.831000,2019,201906,20190623,2019-06-23_23.gz,351.20759162303665,324.51640624999993,134.15162600397053,4440.657131131171,0.004024548780119116,444065.7131131171,0.0,0.0,1,4233857957821.971,96.27,2,10.0,0.5882352941176471,37.5,2,1,65,0.002833333333333334,96.4000015258789,10.0,0.0,96.4000015258789,2,0.0,26.691185373036717,1.6674652710363793e-07,2648.776620470049,38370.2700653474,
52,14e5bc06-9e32-4938-96df-82a070581e7d,energyvalve3/1.11,2019-06-10 17:43:46.789,2019-06-10 17:39:44.575000,2019,201906,20190610,2019-06-10_15.gz,349.93010471204195,323.43046875,72.31611089276537,3522.1728902257137,0.0028926444357106145,316995.56012031424,0.0,0.0,1,1049315309448.5309,90.93,2,5.0,0.5294117647058824,50.0,2,1,65,0.003833333333333333,90.9000015258789,5.0,0.0,90.9000015258789,2,0.0,26.499635962041964,5e-324,2308.4584167177036,9580.915613331477,
53,14e5bc06-9e32-4938-96df-82a070581e7d,energyvalve3/1.11,2019-06-10 22:45:09.365,2019-06-10 22:43:37.473000,2019,201906,20190610,2019-06-10_20.gz,349.93272251308906,323.42005208333325,45.98361399159538,2240.7538498814242,0.001839344559663815,201667.8464893282,0.0,0.0,1,1051683349223.3473,66.07,2,5.0,0.5294117647058824,50.0,2,1,65,0.003833333333333333,66.0,5.0,0.0,66.0,2,0.0,26.512670429755815,5e-324,2313.523110885643,9602.516144143852,
54,15cbf304-2834-4523-81d1-45c0bbc0f849,energyvalve3/1.11,2019-06-08 19:01:48.624,2019-06-08 19:01:46.773000,2019,201906,20190608,2019-06-08_17.gz,351.19712041884816,324.4955729166666,134.15162600397053,4442.415693091669,0.004024548780119116,444241.56930916687,0.0,0.0,1,3647848807731.6685,80.8,2,10.0,0.5882352941176471,37.5,2,1,65,0.002833333333333334,80.5999984741211,10.0,0.0,80.5999984741211,2,0.0,26.70154750218154,1.8262277380384e-05,2282.1803968587074,33058.871876604084,
55,15cbf304-2834-4523-81d1-45c0bbc0f849,energyvalve3/1.11,2019-06-08 22:22:42.239,2019-06-08 22:19:10.161000,2019,201906,20190608,2019-06-08_20.gz,351.20497382198954,324.50078124999993,134.15162600397053,4442.848554521802,0.004024548780119116,444284.8554521802,0.0,0.0,1,3653107392878.5146,91.57,2,10.0,0.5882352941176471,37.5,2,1,65,0.002833333333333334,91.4000015258789,10.0,0.0,91.4000015258789,2,0.0,26.70419257198961,8.480193768849748e-05,2285.4702326924926,33106.536308686256,
56,14e5bc06-9e32-4938-96df-82a070581e7d,energyvalve3/1.11,2019-06-07 18:59:25.493,2019-06-07 18:58:24.335000,2019,201906,20190607,2019-06-07_16.gz,349.9379581151833,323.46171874999993,59.739395954893105,1962.2366075674609,0.0017921818786467935,196223.66075674607,0.0,0.0,1,1016593092176.2063,68.54,2,10.0,0.5882352941176471,37.5,2,1,65,0.002833333333333334,68.69999694824219,10.0,0.0,68.69999694824219,2,0.0,26.476239365183346,5e-324,2237.7694464219608,9282.383527130474,
57,14e5bc06-9e32-4938-96df-82a070581e7d,energyvalve3/1.11,2019-06-09 09:50:03.961,2019-06-09 09:47:32.119000,2019,201906,20190609,2019-06-09_07.gz,349.93010471204195,323.42005208333325,6.812387258014122,224.05322523603564,0.00020437161774042366,22405.322523603565,0.0,0.0,1,1034524148201.3445,33.79,2,10.0,0.5882352941176471,37.5,2,1,65,0.002833333333333334,33.900001525878906,10.0,0.0,33.900001525878906,2,0.0,26.510052628708706,5e-324,2276.5882972652507,9445.99644464806,
58,14e5bc06-9e32-4938-96df-82a070581e7d,energyvalve3/1.11,2019-06-09 10:25:14.167,2019-06-09 10:24:12.054000,2019,201906,20190609,2019-06-09_08.gz,349.93272251308906,323.42526041666656,50.830889540566965,1671.615172909569,0.0015249266862170088,167161.51729095692,0.0,0.0,1,1034793984779.2506,63.190000000000005,2,10.0,0.5882352941176471,37.5,2,1,65,0.002833333333333334,64.0999984741211,10.0,0.0,64.0999984741211,2,0.0,26.5074620964225,5e-324,2277.19938920983,9448.45793392195,
59,14e5bc06-9e32-4938-96df-82a070581e7d,energyvalve3/1.11,2019-06-19 08:20:17.283,2019-06-19 08:17:45.416000,2019,201906,20190619,2019-06-19_06.gz,349.9458115183246,323.44609375,62.49055234755267,3043.6100239296256,0.002499622093902107,273924.9021536663,0.0,0.0,1,1154597165666.4685,85.71,2,5.0,0.5294117647058824,50.0,2,1,65,0.003833333333333333,85.69999694824219,5.0,0.0,85.69999694824219,2,0.0,26.499717768324615,5e-324,2515.0922392381563,10541.587967267038,
60,14e5bc06-9e32-4938-96df-82a070581e7d,energyvalve3/1.11,2019-06-10 00:24:03.735,2019-06-10 00:21:31.999000,2019,201906,20190609,2019-06-09_22.gz,349.93010471204195,323.41484374999993,78.60446836170148,2585.7428176218727,0.0023581340508510443,258574.2817621873,0.0,0.0,1,1041251337617.8806,81.59,2,10.0,0.5882352941176471,37.5,2,1,65,0.002833333333333334,81.69999694824219,10.0,0.0,81.69999694824219,2,0.0,26.51526096204202,5e-324,2291.154908657885,9507.363236416813,
61,14e5bc06-9e32-4938-96df-82a070581e7d,energyvalve3/1.11,2019-06-10 01:54:28.218,2019-06-10 01:52:26.731000,2019,201906,20190609,2019-06-09_23.gz,349.93534031413617,323.42786458333325,0.0,0.0,0.0,0.0,0.0,0.0,1,1041963160039.2645,28.300000000000004,2,5.0,0.5294117647058824,50.0,2,1,65,0.003833333333333333,34.20000076293945,5.0,0.0,34.20000076293945,2,0.0,26.507475730802923,5e-324,2292.6701253249007,9513.85554824023,
62,14e5bc06-9e32-4938-96df-82a070581e7d,energyvalve3/1.11,2019-06-10 05:10:22.607,2019-06-10 05:08:50.600999,2019,201906,20190610,2019-06-10_03.gz,349.9431937172775,323.42786458333325,0.0,0.0,0.0,0.0,0.0,0.0,1,1043511359700.3474,10.16,2,5.0,0.5294117647058824,50.0,2,1,65,0.003833333333333333,10.5,5.0,4.0,10.5,2,0.0,26.51532913394425,5e-324,2295.94342477019,9527.97628092474,
63,14e5bc06-9e32-4938-96df-82a070581e7d,energyvalve3/1.11,2019-06-10 12:42:24.766,2019-06-10 12:38:22.595000,2019,201906,20190610,2019-06-10_10.gz,349.93534031413617,323.4356770833333,70.74402152553134,3445.6013610166074,0.0028297608610212536,310104.1224914947,0.0,0.0,1,1046977407046.0637,92.31,2,5.0,0.5294117647058824,50.0,2,1,65,0.003833333333333333,92.19999694824219,5.0,0.0,92.19999694824219,2,0.0,26.499663230802867,5e-324,2303.4356467164794,9559.58913626079,
64,15cbf304-2834-4523-81d1-45c0bbc0f849,energyvalve3/1.11,2019-06-16 23:40:13.433,2019-06-16 23:38:41.835000,2019,201906,20190616,2019-06-16_21.gz,351.18926701570683,324.50078124999993,134.15162600397053,4440.231045675021,0.004024548780119116,444023.1045675021,0.0,0.0,1,3962169834099.466,98.76,2,10.0,0.5882352941176471,37.5,2,1,65,0.002833333333333334,98.69999694824219,10.0,0.0,98.69999694824219,2,0.0,26.6884857657069,8.121515017356596e-12,2478.7957900812758,35907.51394301612,
65,15cbf304-2834-4523-81d1-45c0bbc0f849,energyvalve3/1.11,2019-06-17 03:21:14.207,2019-06-17 03:19:42.311000,2019,201906,20190617,2019-06-17_01.gz,351.1997382198953,324.50078124999993,100.6137195029779,4935.528945433401,0.004024548780119116,444197.6050890061,0.0,0.0,1,3968057514262.5786,32.6,2,5.0,0.5294117647058824,50.0,2,1,65,0.003833333333333333,32.79999923706055,5.0,0.0,32.79999923706055,2,0.0,26.69895696989539,1.9634623373140546e-09,2482.479244516107,35960.881226806974,
66,14e5bc06-9e32-4938-96df-82a070581e7d,energyvalve3/1.11,2019-06-08 02:51:36.673,2019-06-08 02:50:35.301000,2019,201906,20190608,2019-06-08_00.gz,349.92225130890057,323.41223958333325,77.81842367808446,3791.6741804126113,0.0031127369471233785,341250.676237135,0.0,0.0,1,1020264474537.4548,99.86,2,5.0,0.5294117647058824,50.0,2,1,65,0.003833333333333333,99.69999694824219,5.0,0.0,99.69999694824219,2,0.0,26.510011725567324,5e-324,2245.6391747573416,9315.887740198741,
67,14e5bc06-9e32-4938-96df-82a070581e7d,energyvalve3/1.11,2019-06-08 03:46:51.910,2019-06-08 03:42:19.218000,2019,201906,20190608,2019-06-08_01.gz,349.93010471204195,323.41484374999993,0.0,0.0,0.0,0.0,0.0,0.0,1,1020675653188.3661,8.1,2,5.0,0.5294117647058824,50.0,2,1,65,0.003833333333333333,8.199999809265137,5.0,4.0,8.199999809265137,2,0.0,26.51526096204202,5e-324,2246.5013633686663,9319.63783083531,
68,14e5bc06-9e32-4938-96df-82a070581e7d,energyvalve3/1.11,2019-06-08 07:47:57.244,2019-06-08 07:43:24.844000,2019,201906,20190608,2019-06-08_05.gz,349.9405759162304,323.44609375,27.90458626840403,1358.8273551580592,0.0011161834507361613,122294.46196422532,0.0,0.0,1,1022479099754.9928,54.949999999999996,2,5.0,0.5294117647058824,50.0,2,1,65,0.003833333333333333,55.099998474121094,5.0,0.0,55.099998474121094,2,0.0,26.494482166230398,5e-324,2250.5195978141323,9336.092369911905,
69,14e5bc06-9e32-4938-96df-82a070581e7d,energyvalve3/1.11,2019-06-08 13:19:27.276,2019-06-08 13:15:25.297000,2019,201906,20190608,2019-06-08_11.gz,349.9484293193717,323.4486979166666,23.188318166701936,1129.3894645037083,0.0009275327266680774,101645.05180533373,0.0,0.0,1,1025046530447.3516,50.13999999999999,2,5.0,0.5294117647058824,50.0,2,1,65,0.003833333333333333,51.4000015258789,5.0,0.0,51.400001525878906,2,0.0,26.499731402705095,5e-324,2256.053062259966,9359.524685904826,
70,14e5bc06-9e32-4938-96df-82a070581e7d,energyvalve3/1.11,2019-06-22 13:51:28.113,2019-06-22 13:51:26.838000,2019,201906,20190622,2019-06-22_11.gz,349.9484293193717,323.4643229166666,0.0,0.0,0.0,0.0,0.0,0.0,1,1189887622240.7878,6.18,2,10.0,0.5882352941176471,37.5,2,1,65,0.002833333333333334,6.0,10.0,4.0,6.0,2,0.0,26.484106402705095,5e-324,2592.653832346452,10863.71760104437,
71,14e5bc06-9e32-4938-96df-82a070581e7d,energyvalve3/1.11,2019-06-22 17:42:31.913,2019-06-22 17:40:00.018000,2019,201906,20190622,2019-06-22_15.gz,349.93010471204195,323.4486979166666,15.720893672340305,516.4812852879942,0.0004716268101702092,51648.12852879941,0.0,0.0,1,1191640003976.8796,35.71,2,10.0,0.5882352941176471,37.5,2,1,65,0.002833333333333334,35.599998474121094,10.0,0.0,35.599998474121094,2,0.0,26.481406795375335,5e-324,2596.4630326132788,10879.71743014425,
72,14e5bc06-9e32-4938-96df-82a070581e7d,energyvalve3/1.11,2019-06-22 17:52:34.717,2019-06-22 17:51:03.060999,2019,201906,20190622,2019-06-22_15.gz,349.9431937172775,323.4643229166666,9.43253620340417,309.8574001990637,0.0002829760861021251,30985.740019906367,0.0,0.0,1,1191650357755.6133,35.3,2,10.0,0.5882352941176471,37.5,2,1,65,0.002833333333333334,35.5,10.0,0.0,35.5,2,0.0,26.478870800610878,5e-324,2596.647232890527,10879.81197143276,
73,14e5bc06-9e32-4938-96df-82a070581e7d,energyvalve3/1.11,2019-06-22 20:43:20.966,2019-06-22 20:42:19.468000,2019,201906,20190622,2019-06-22_18.gz,349.9562827225131,323.44609375,91.70521308865175,3016.0899291354935,0.0027511563926595523,301608.99291354936,0.0,0.0,1,1192949421098.9827,90.66,2,10.0,0.5882352941176471,37.5,2,1,65,0.002833333333333334,90.5999984741211,10.0,0.0,90.5999984741211,2,0.0,26.510188972513106,5e-324,2599.5018695489985,10891.671003963742,
74,14e5bc06-9e32-4938-96df-82a070581e7d,energyvalve3/1.11,2019-06-23 02:09:50.388,2019-06-23 02:09:48.868000,2019,201906,20190623,2019-06-23_00.gz,349.9431937172775,323.43828125,20.43716177404238,995.5925541689479,0.0008174864709616953,89603.32987520531,0.0,0.0,1,1195435559595.0432,47.66,2,5.0,0.5294117647058824,50.0,2,1,65,0.003833333333333333,47.79999923706055,5.0,0.0,47.79999923706055,2,0.0,26.504912467277506,5e-324,2604.960028144245,10914.357649988551,
75,14e5bc06-9e32-4938-96df-82a070581e7d,energyvalve3/1.11,2019-06-23 03:40:15.201,2019-06-23 03:39:13.886000,2019,201906,20190623,2019-06-23_01.gz,349.9405759162304,323.4356770833333,3.930223418085071,191.46017753124733,0.00015720893672340283,17231.41597781226,0.0,0.0,1,1196199627904.9746,28.43,2,5.0,0.5294117647058824,50.0,2,1,65,0.003833333333333333,28.299999237060547,5.0,0.0,28.299999237060547,2,0.0,26.504898832897084,5e-324,2606.4502984176033,10921.327771225724,
76,15cbf304-2834-4523-81d1-45c0bbc0f849,energyvalve3/1.11,2019-06-18 10:09:32.186,2019-06-18 10:06:00.228999,2019,201906,20190618,2019-06-18_08.gz,351.19712041884816,324.5059895833333,134.15162600397053,4440.663908544637,0.004024548780119116,444066.3908544636,0.0,0.0,1,4017243697355.199,97.1,2,10.0,0.5882352941176471,37.5,2,1,65,0.002833333333333334,97.19999694824219,10.0,0.0,97.19999694824219,2,0.0,26.691130835514855,1.269324300709808e-11,2513.251047768912,36406.71503255093,
77,15cbf304-2834-4523-81d1-45c0bbc0f849,energyvalve3/1.11,2019-06-18 12:45:14.849,2019-06-18 12:41:42.537999,2019,201906,20190618,2019-06-18_10.gz,351.19188481675394,324.50078124999993,134.15162600397053,4440.667296722743,0.004024548780119116,444066.7296722744,0.0,0.0,1,4021390932474.1685,36.19,2,10.0,0.5882352941176471,37.5,2,1,65,0.002833333333333334,36.29999923706055,10.0,0.0,36.29999923706055,2,0.0,26.69110356675401,5.1921407243550485e-15,2515.846143317793,36444.31383973571,
78,15cbf304-2834-4523-81d1-45c0bbc0f849,energyvalve3/1.11,2019-06-22 00:57:55.369,2019-06-22 00:57:54.465999,2019,201906,20190621,2019-06-21_22.gz,351.1997382198953,324.5190104166666,100.6137195029779,4932.122714058012,0.004024548780119116,443891.04426522116,0.0,0.0,1,4156076186424.653,30.519999999999996,2,5.0,0.5294117647058824,50.0,2,1,65,0.003833333333333333,30.39999961853027,5.0,0.0,30.399999618530273,2,0.0,26.680727803228706,9.163002126780385e-06,2600.1161808757565,37665.25769411993,
79,15cbf304-2834-4523-81d1-45c0bbc0f849,energyvalve3/1.11,2019-06-22 10:20:28.403,2019-06-22 10:19:26.810000,2019,201906,20190622,2019-06-22_08.gz,351.1866492146597,324.49296875,134.15162600397053,4441.108630539472,0.004024548780119116,444110.86305394716,0.0,0.0,1,4171034378787.9233,60.08,2,10.0,0.5882352941176471,37.5,2,1,65,0.002833333333333334,60.0,10.0,0.0,60.0,2,0.0,26.693680464659735,2.706786342600767e-16,2609.475176128839,37800.85500586819,
80,15cbf304-2834-4523-81d1-45c0bbc0f849,energyvalve3/1.11,2019-06-22 12:56:11.127,2019-06-22 12:54:38.752000,2019,201906,20190622,2019-06-22_10.gz,351.19712041884816,324.5111979166666,134.15162600397053,4439.788020735287,0.004024548780119116,443978.80207352876,0.0,0.0,1,4175168148813.708,74.31,2,10.0,0.5882352941176471,37.5,2,1,65,0.002833333333333334,87.69999694824219,10.0,0.0,87.69999694824219,2,0.0,26.68592250218154,5.57983919393313e-10,2612.061827233211,37838.33157332682,
81,14e5bc06-9e32-4938-96df-82a070581e7d,energyvalve3/1.11,2019-06-23 04:15:24.898,2019-06-23 04:11:52.968999,2019,201906,20190623,2019-06-23_02.gz,349.9458115183246,323.4356770833333,0.0,0.0,0.0,0.0,0.0,0.0,1,1196448576725.098,24.04,2,5.0,0.5294117647058824,50.0,2,1,65,0.003833333333333333,23.899999618530273,5.0,0.0,23.899999618530273,2,0.0,26.5101344349913,5e-324,2606.994501749377,10923.598737039645,
82,14e5bc06-9e32-4938-96df-82a070581e7d,energyvalve3/1.11,2019-06-23 14:28:12.203,2019-06-23 14:26:40.477000,2019,201906,20190623,2019-06-23_12.gz,349.9405759162304,323.4434895833333,44.80454696616983,2181.995855646332,0.0017921818786467935,196379.6270081699,0.0,0.0,1,1201059826372.9285,68.54,2,5.0,0.5294117647058824,50.0,2,1,65,0.003833333333333333,68.5999984741211,5.0,0.0,68.5999984741211,2,0.0,26.497086332897084,5e-324,2617.2410183864754,10965.667712370892,
83,15cbf304-2834-4523-81d1-45c0bbc0f849,energyvalve3/1.11,2019-06-09 11:46:22.793,2019-06-09 11:45:49.373000,2019,201906,20190609,2019-06-09_09.gz,351.1997382198953,324.4955729166666,100.6137195029779,4936.502161838027,0.004024548780119116,444285.1945654225,0.0,0.0,1,3674604658234.799,49.17,2,5.0,0.5294117647058824,50.0,2,1,65,0.003833333333333333,49.0,5.0,0.0,49.0,2,0.0,26.704165303228706,7.37379495569069e-18,2298.914447972048,33301.32066441872,
84,15cbf304-2834-4523-81d1-45c0bbc0f849,energyvalve3/1.11,2019-06-09 17:47:57.074,2019-06-09 17:47:25.590000,2019,201906,20190609,2019-06-09_15.gz,351.18926701570683,324.48515625,100.6137195029779,4936.509696512159,0.004024548780119116,444285.8726860944,0.0,0.0,1,3684241835801.392,79.14,2,5.0,0.5294117647058824,50.0,2,1,65,0.003833333333333333,79.0999984741211,5.0,0.0,79.0999984741211,2,0.0,26.704110765706844,1.0263682767455971e-05,2304.941172417373,33388.63857058051,
85,15cbf304-2834-4523-81d1-45c0bbc0f849,energyvalve3/1.11,2019-06-21 08:23:28.343,2019-06-21 08:23:26.971000,2019,201906,20190621,2019-06-21_06.gz,351.1997382198953,324.5033854166666,134.15162600397053,4441.5381046238435,0.004024548780119116,444153.81046238437,0.0,0.0,1,4129587389301.3345,5.94,2,10.0,0.5882352941176471,37.5,2,1,65,0.002833333333333334,5.800000190734863,10.0,0.0,5.800000190734863,2,0.0,26.696352803228706,1.5983441663962303e-12,2583.5418948076017,37425.12170398421,
86,15cbf304-2834-4523-81d1-45c0bbc0f849,energyvalve3/1.11,2019-06-21 08:33:31.342,2019-06-21 08:33:29.647000,2019,201906,20190621,2019-06-21_06.gz,351.19450261780105,324.5111979166666,134.15162600397053,4439.351771351954,0.004024548780119116,443935.17713519547,0.0,0.0,1,4129854919408.539,62.85000000000001,2,10.0,0.5882352941176471,37.5,2,1,65,0.002833333333333334,63.0,10.0,0.0,63.0,2,0.0,26.683304701134432,8.88949561053742e-17,2583.7092967516014,37427.54698964185,
87,15cbf304-2834-4523-81d1-45c0bbc0f849,energyvalve3/1.11,2019-06-21 10:54:12.560,2019-06-21 10:50:06.729999,2019,201906,20190621,2019-06-21_08.gz,351.19188481675394,324.5138020833333,100.6137195029779,4931.6417559487545,0.004024548780119116,443847.7580353879,0.0,0.0,1,4133494281452.583,87.71,2,5.0,0.5294117647058824,50.0,2,1,65,0.003833333333333333,87.5999984741211,5.0,0.0,87.5999984741211,2,0.0,26.678082733420638,7.824783057615245e-15,2585.9862550789603,37460.536623480184,
88,15cbf304-2834-4523-81d1-45c0bbc0f849,energyvalve3/1.11,2019-06-21 11:39:22.460,2019-06-21 11:35:18.792000,2019,201906,20190621,2019-06-21_09.gz,351.19712041884816,324.50859374999993,100.6137195029779,4933.58440474212,0.004024548780119116,444022.5964267907,0.0,0.0,1,4134698295219.779,36.19,2,5.0,0.5294117647058824,50.0,2,1,65,0.003833333333333333,36.099998474121094,5.0,0.0,36.099998474121094,2,0.0,26.688526668848226,9.880830692823488e-15,2586.739612021442,37471.45162031142,
89,15cbf304-2834-4523-81d1-45c0bbc0f849,energyvalve3/1.11,2019-06-08 00:56:52.632,2019-06-08 00:53:20.474000,2019,201906,20190607,2019-06-07_22.gz,351.19188481675394,324.50859374999993,100.6137195029779,4932.614960743325,0.004024548780119116,443935.34646689927,0.0,0.0,1,3618850177607.1245,3.18,2,5.0,0.5294117647058824,50.0,2,1,65,0.003833333333333333,2.9000000953674316,5.0,0.0,2.9000000953674316,2,0.0,26.68329106675401,3.211461290405263e-15,2264.0397121338483,32796.042663877,
90,15cbf304-2834-4523-81d1-45c0bbc0f849,energyvalve3/1.11,2019-06-13 16:03:40.108,2019-06-13 15:59:07.185999,2019,201906,20190613,2019-06-13_13.gz,351.1840314136126,324.51640624999993,134.15162600397053,4436.730895708064,0.004024548780119116,443673.0895708064,0.0,0.0,1,3834847025790.512,26.239999999999995,2,10.0,0.5882352941176471,37.5,2,1,65,0.002833333333333334,26.200000762939453,10.0,0.0,26.200000762939453,2,0.0,26.667625163612684,1.0065360953407295e-08,2399.136119737552,34753.370577617694,
91,15cbf304-2834-4523-81d1-45c0bbc0f849,energyvalve3/1.11,2019-06-13 17:03:55.488,2019-06-13 16:59:53.180000,2019,201906,20190613,2019-06-13_14.gz,351.1840314136126,324.50859374999993,100.6137195029779,4931.160796167545,0.004024548780119116,443804.4716550791,0.0,0.0,1,3836465527575.474,10.77,2,5.0,0.5294117647058824,50.0,2,1,65,0.003833333333333333,10.600000381469727,5.0,0.0,10.600000381469727,2,0.0,26.675437663612684,4.1801958797986306e-05,2400.1489130681257,34768.04431982634,
92,15cbf304-2834-4523-81d1-45c0bbc0f849,energyvalve3/1.11,2019-06-13 18:09:13.430,2019-06-13 18:08:41.697000,2019,201906,20190613,2019-06-13_16.gz,351.18926701570683,324.5138020833333,100.6137195029779,4931.157035348277,0.004024548780119116,443804.13318134483,0.0,0.0,1,3838298238459.558,4.83,2,5.0,0.5294117647058824,50.0,2,1,65,0.003833333333333333,4.599999904632568,5.0,0.0,4.599999904632568,2,0.0,26.67546493237353,1.8964366938133505e-50,2401.2957188983855,34784.65970724288,
93,15cbf304-2834-4523-81d1-45c0bbc0f849,energyvalve3/1.11,2019-06-28 20:03:02.580,2019-06-28 19:58:29.975000,2019,201906,20190628,2019-06-28_17.gz,351.19712041884816,324.50078124999993,134.15162600397053,4441.539799330251,0.004024548780119116,444153.9799330251,0.0,0.0,1,4416651376900.959,63.81,2,10.0,0.5882352941176471,37.5,2,1,65,0.002833333333333334,63.9000015258789,10.0,0.0,63.900001525878906,2,0.0,26.696339168848226,9.1882054599426e-07,2763.126294336472,40027.025188643034,
94,15cbf304-2834-4523-81d1-45c0bbc0f849,energyvalve3/1.11,2019-06-29 04:45:23.348,2019-06-29 04:44:51.881000,2019,201906,20190629,2019-06-29_02.gz,351.19712041884816,324.51640624999993,100.6137195029779,4932.124595447374,0.004024548780119116,443891.21359026374,0.0,0.0,1,4430677583013.591,17.4,2,5.0,0.5294117647058824,50.0,2,1,65,0.003833333333333333,17.5,5.0,0.0,17.5,2,0.0,26.680714168848226,4.233124209094799e-06,2771.8990568135628,40154.12887463934,
95,15cbf304-2834-4523-81d1-45c0bbc0f849,energyvalve3/1.11,2019-06-29 08:06:17.380,2019-06-29 08:03:45.032000,2019,201906,20190629,2019-06-29_06.gz,351.1814136125655,324.49296875,100.6137195029779,4933.595695876789,0.004024548780119116,444023.61262891104,0.0,0.0,1,4435975157716.966,17.4,2,5.0,0.5294117647058824,50.0,2,1,65,0.003833333333333333,17.600000381469727,5.0,0.0,17.600000381469727,2,0.0,26.688444862565518,8.067645202195774e-34,2775.213802915945,40202.15412432679,
96,15cbf304-2834-4523-81d1-45c0bbc0f849,energyvalve3/1.11,2019-06-29 08:41:26.361,2019-06-29 08:38:24.004000,2019,201906,20190629,2019-06-29_06.gz,351.1735602094241,324.47734375,100.6137195029779,4935.061164134577,0.004024548780119116,444155.5047721119,0.0,0.0,1,4436898244377.576,21.55,2,5.0,0.5294117647058824,50.0,2,1,65,0.003833333333333333,21.799999237060547,5.0,0.0,21.799999237060547,2,0.0,26.696216459424136,6.738660980962838e-06,2775.791322914406,40210.52151259503,
97,15cbf304-2834-4523-81d1-45c0bbc0f849,energyvalve3/1.11,2019-06-30 07:32:35.448,2019-06-30 07:29:03.371000,2019,201906,20190630,2019-06-30_05.gz,351.20497382198954,324.50859374999993,134.15162600397053,4441.534714946631,0.004024548780119116,444153.47149466304,0.0,0.0,1,4473425812379.921,50.13999999999999,2,10.0,0.5882352941176471,37.5,2,1,65,0.002833333333333334,50.29999923706055,10.0,0.0,50.29999923706055,2,0.0,26.69638007198961,1.3607138573795954e-17,2798.635583688248,40541.5003973873,
98,15cbf304-2834-4523-81d1-45c0bbc0f849,energyvalve3/1.11,2019-06-27 10:22:54.082,2019-06-27 10:21:52.710000,2019,201906,20190627,2019-06-27_08.gz,351.20759162303665,324.5268229166666,100.6137195029779,4932.117069302925,0.004024548780119116,443890.5362372633,0.0,0.0,1,4362915859872.996,36.6,2,5.0,0.5294117647058824,50.0,2,1,65,0.003833333333333333,36.400001525878906,5.0,0.0,36.400001525878906,2,0.0,26.68076870637003,0.0009073492490231886,2729.515831370011,39540.05332017997,
99,15cbf304-2834-4523-81d1-45c0bbc0f849,energyvalve3/1.11,2019-06-08 08:59:03.693,2019-06-08 08:55:01.778000,2019,201906,20190608,2019-06-08_06.gz,351.19188481675394,324.4955729166666,134.15162600397053,4441.543188478656,0.004024548780119116,444154.3188478656,0.0,0.0,1,3631684744179.3853,80.94,2,10.0,0.5882352941176471,37.5,2,1,65,0.002833333333333334,81.0999984741211,10.0,0.0,81.0999984741211,2,0.0,26.696311900087323,3.4243094439192784e-10,2272.067870468394,32912.357658094326,
